CODART,Artículo,Serie
1,Bicicleta carrera,S2
2,Bicicleta mountain infantil,S2
4,Bicicleta carrera mod. A,S2
5,Bicicleta carrera mod. B,S2
12,Asiento para bicicleta velocidad,S2
13,Casco bicicleta,S2
3,Bicicleta dual,S2
1,Bicicleta carrera,S1
2,Bicicleta mountain infantil,S1
4,Bicicleta carrera mod. A,S1
5,Bicicleta carrera mod. B,S1
12,Asiento para bicicleta velocidad,S1
13,Casco bicicleta,S1
3,Bicicleta dual,S1
7,Mountain bike,S2
11,Bicicleta carrera modelo C,S2
10,Monociclo,S2
15,Gafas,S2
9,Bicicleta tres asientos,S2
7,Mountain bike,S1
11,Bicicleta carrera modelo C,S1
10,Monociclo,S1
15,Gafas,S1
9,Bicicleta tres asientos,S1
8,Bicicleta paseo,S2
14,Empuñadura,S2
8,Bicicleta paseo,S1
14,Empuñadura,S1
6,Bicicleta infantil,S2
6,Bicicleta infantil,S1
16,Plasma 50,S1
18,PLAY 4,S1
17,PATINES,S1
